distance_from_variant_boundary,mean_gain,min_gain,max_gain,instances
0,0.12666666666666668,0.0,0.21,3
1,0.18000000000000002,0.03,0.27999999999999997,3
2,0.21333333333333337,0.08000000000000002,0.31000000000000005,3
3,0.26333333333333336,0.13999999999999999,0.35,3
