variant,boundary_instance,boundary_gain,peak_gain_after_boundary,final_gain,recovery_gain,final_recovery,plasticity_label
A,1,0.0,0.13999999999999999,0.13999999999999999,0.13999999999999999,0.13999999999999999,adaptive
B,5,0.21,0.30000000000000004,0.30000000000000004,0.09000000000000005,0.09000000000000005,adaptive
C,9,0.17,0.35,0.35,0.17999999999999997,0.17999999999999997,adaptive
