variant,instances,mean_gain,mean_gain_delta,mean_positive_gain_delta,total_positive_gain_delta,positive_delta_count,negative_delta_count
A,4,0.0625,0.034999999999999996,0.04666666666666666,0.13999999999999999,3,0
B,4,0.26,0.040000000000000015,0.06333333333333334,0.19000000000000003,3,1
C,4,0.265,0.012499999999999983,0.05999999999999999,0.17999999999999997,3,1
