distance_from_variant_boundary,mean_gain,mean_gain_delta,instances
0,0.12666666666666668,-0.020000000000000007,3
1,0.18000000000000002,0.05333333333333332,3
2,0.21333333333333337,0.03333333333333336,3
3,0.26333333333333336,0.04999999999999998,3
